Workbook

Sheet Inicio
A1: Plantilla — Reporte mensual por obra (archivo por obra)
A3: Instrucciones
A4: 1) Este archivo corresponde a UNA obra. Guárdalo en la carpeta de su obra. 2) Rellena solo celdas blancas. 3) En 'Producción' selecciona el Capítulo (descripción). El código se completa solo. 4) En 'Pendientes' selecciona el Capítulo y escribe el Proveedor (texto libre) y el Coste Pendiente. 5) No modifiques encabezados, hojas ni formatos. 6) Guarda como AAAA-MM.xlsx (ej. 2025-07.xlsx).
A6: Año | B6: 2025 | D6: Mes_Clave (auto) | E6: =TEXT(DATE(VALUE(B6), MATCH(B7, Catalogos!$D$2:$D$13, 0), 1),"aaaa-mm") -> 2025-09
A7: Mes | B7: septiembre | D7: Empresa | E7: Construcciones Urdecon S.A.
A8: Proyecto | B8: PY_002411

Sheet Catalogos
A1: Capítulo_Cod | B1: Capítulo | D1: Meses
A2: 01.01.00 | B2: 01.01.00.INICIO URB | D2: enero
A3: 01.01.01 | B3: 01.01.01MOV TIERRAS | D3: febrero
A4: 01.01.02 | B4: 01.01.02.PAVIMENTCN | D4: marzo
A5: 01.01.03 | B5: 01.01.03.RED ABASTEC | D5: abril
A6: 01.01.04 | B6: 01.01.04.RED SANEAMN | D6: mayo
A7: 01.01.05 | B7: 01.01.05.RED PLUVIAL | D7: junio
A8: 01.01.06 | B8: 01.01.06.SEÑALIZAC | D8: julio
A9: 01.01.07 | B9: 01.01.07.SEG Y SALD | D9: agosto
A10: 01.01.08 | B10: 01.01.08.GEST RESIDU | D10: septiembre
A11: 01.01.09 | B11: 01.01.09.CONTR CALID | D11: octubre
A12: 01.01.10 | B12: 01.01.10.DEM Y MOV T | D12: noviembre
A13: 01.01.11 | B13: 01.01.11.DRENAJE | D13: diciembre
A14: 01.01.12 | B14: 01.01.12.FIRMES Y PA
A15: 01.01.13 | B15: 01.01.13.SEÑALIZACIO
A16: 01.01.14 | B16: 01.01.14.GEST RESIDU
A17: 01.01.15 | B17: 01.01.15.SEG Y SALUD
A18: 01.01.16 | B18: 01.01.16.SERV AFECT
A19: 01.01.17 | B19: 01.01.17.VERTEDERO
A20: 01.01.99 | B20: 01.01.99.FINAL URBAN
A21: 01.02.00 | B21: 01.02.00.INICIO NAVE
A22: 01.02.01 | B22: 01.02.01.MOV TIERRAS
A23: 01.02.02 | B23: 01.02.02.CIMENTACION
A24: 01.02.03 | B24: 01.02.03.ESTRUCTURA
A25: 01.02.04 | B25: 01.02.04.CERRAMIENTO
... A51: 99.99 | B51: 99.99.RETENCIÓN

Sheet Produccion
A1: Mes | B1: Capítulo | C1: Capítulo_Cod | D1: Certificación pendiente y PDC | E1: Resto de Produccion | F1: Observaciones
A2: =Inicio!$E$6 -> 2025-09 | B2: 01.01.00.INICIO URB | C2: =IFERROR(INDEX(Catalogos!$A$2:$A$500, MATCH(B2, Catalogos!$B$2:$B$500, 0)), "") -> 01.01.00
A3: =Inicio!$E$6 -> 2025-09 | B3: 01.01.01MOV TIERRAS | C3: =IFERROR(INDEX(Catalogos!$A$2:$A$500, MATCH(B3, Catalogos!$B$2:$B$500, 0)), "") -> 01.01.01
A4: =Inicio!$E$6 -> 2025-09 | B4: 01.01.02.PAVIMENTCN | C4: =IFERROR(INDEX(Catalogos!$A$2:$A$500, MATCH(B4, Catalogos!$B$2:$B$500, 0)), "") -> 01.01.02
A5: =Inicio!$E$6 -> 2025-09 | B5: 01.01.03.RED ABASTEC | C5: =IFERROR(INDEX(Catalogos!$A$2:$A$500, MATCH(B5, Catalogos!$B$2:$B$500, 0)), "") -> 01.01.03
A6: =Inicio!$E$6 -> 2025-09 | B6: 01.01.04.RED SANEAMN | C6: =IFERROR(INDEX(Catalogos!$A$2:$A$500, MATCH(B6, Catalogos!$B$2:$B$500, 0)), "") -> 01.01.04
A7: =Inicio!$E$6 -> 2025-09 | B7: 01.01.05.RED PLUVIAL | C7: =IFERROR(INDEX(Catalogos!$A$2:$A$500, MATCH(B7, Catalogos!$B$2:$B$500, 0)), "") -> 01.01.05
A8: =Inicio!$E$6 -> 2025-09 | B8: 01.01.06.SEÑALIZAC | C8: =IFERROR(INDEX(Catalogos!$A$2:$A$500, MATCH(B8, Catalogos!$B$2:$B$500, 0)), "") -> 01.01.06
A9: =Inicio!$E$6 -> 2025-09 | B9: 01.01.07.SEG Y SALD | C9: =IFERROR(INDEX(Catalogos!$A$2:$A$500, MATCH(B9, Catalogos!$B$2:$B$500, 0)), "") -> 01.01.07
A10: =Inicio!$E$6 -> 2025-09 | B10: 01.01.08.GEST RESIDU | C10: =IFERROR(INDEX(Catalogos!$A$2:$A$500, MATCH(B10, Catalogos!$B$2:$B$500, 0)), "") -> 01.01.08
A11: =Inicio!$E$6 -> 2025-09 | B11: 01.01.09.CONTR CALID | C11: =IFERROR(INDEX(Catalogos!$A$2:$A$500, MATCH(B11, Catalogos!$B$2:$B$500, 0)), "") -> 01.01.09
A12: =Inicio!$E$6 -> 2025-09 | B12: 01.01.10.DEM Y MOV T | C12: =IFERROR(INDEX(Catalogos!$A$2:$A$500, MATCH(B12, Catalogos!$B$2:$B$500, 0)), "") -> 01.01.10
A13: =Inicio!$E$6 -> 2025-09 | B13: 01.01.11.DRENAJE | C13: =IFERROR(INDEX(Catalogos!$A$2:$A$500, MATCH(B13, Catalogos!$B$2:$B$500, 0)), "") -> 01.01.11
... A51: =Inicio!$E$6 -> 2025-09 | B51: 99.99.RETENCIÓN | C51: =IFERROR(INDEX(Catalogos!$A$2:$A$500, MATCH(B51, Catalogos!$B$2:$B$500, 0)), "") -> 99.99
A52: =Inicio!$E$6 -> 2025-09 | C52: =IFERROR(INDEX(Catalogos!$A$2:$A$500, MATCH(B52, Catalogos!$B$2:$B$500, 0)), "")
A53: =Inicio!$E$6 -> 2025-09 | C53: =IFERROR(INDEX(Catalogos!$A$2:$A$500, MATCH(B53, Catalogos!$B$2:$B$500, 0)), "")
A54: =Inicio!$E$6 -> 2025-09 | C54: =IFERROR(INDEX(Catalogos!$A$2:$A$500, MATCH(B54, Catalogos!$B$2:$B$500, 0)), "")
A55: =Inicio!$E$6 -> 2025-09 | C55: =IFERROR(INDEX(Catalogos!$A$2:$A$500, MATCH(B55, Catalogos!$B$2:$B$500, 0)), "")
A56: =Inicio!$E$6 -> 2025-09 | C56: =IFERROR(INDEX(Catalogos!$A$2:$A$500, MATCH(B56, Catalogos!$B$2:$B$500, 0)), "")
A57: =Inicio!$E$6 -> 2025-09 | C57: =IFERROR(INDEX(Catalogos!$A$2:$A$500, MATCH(B57, Catalogos!$B$2:$B$500, 0)), "")
A58: =Inicio!$E$6 -> 2025-09 | C58: =IFERROR(INDEX(Catalogos!$A$2:$A$500, MATCH(B58, Catalogos!$B$2:$B$500, 0)), "")
A59: =Inicio!$E$6 -> 2025-09 | C59: =IFERROR(INDEX(Catalogos!$A$2:$A$500, MATCH(B59, Catalogos!$B$2:$B$500, 0)), "")
A60: =Inicio!$E$6 -> 2025-09 | C60: =IFERROR(INDEX(Catalogos!$A$2:$A$500, MATCH(B60, Catalogos!$B$2:$B$500, 0)), "")
A61: =Inicio!$E$6 -> 2025-09 | C61: =IFERROR(INDEX(Catalogos!$A$2:$A$500, MATCH(B61, Catalogos!$B$2:$B$500, 0)), "")
A62: =Inicio!$E$6 -> 2025-09 | C62: =IFERROR(INDEX(Catalogos!$A$2:$A$500, MATCH(B62, Catalogos!$B$2:$B$500, 0)), "")
A63: =Inicio!$E$6 -> 2025-09 | C63: =IFERROR(INDEX(Catalogos!$A$2:$A$500, MATCH(B63, Catalogos!$B$2:$B$500, 0)), "")
... A1000: =Inicio!$E$6 -> 2025-09 | C1000: =IFERROR(INDEX(Catalogos!$A$2:$A$500, MATCH(B1000, Catalogos!$B$2:$B$500, 0)), "")

Sheet Pendientes
A1: Mes | B1: Capítulo | C1: Capítulo_Cod | D1: Proveedor | E1: Coste_Pendiente | F1: Observaciones
A2: =Inicio!$E$6 -> 2025-09 | B2: 01.01.09.CONTR CALID | C2: =IFERROR(INDEX(Catalogos!$A$2:$A$500, MATCH(B2, Catalogos!$B$2:$B$500, 0)), "") -> 01.01.09 | D2: MASASLIA | E2: 10000
A3: =Inicio!$E$6 -> 2025-09 | B3: 02.01.COSTES IND | C3: =IFERROR(INDEX(Catalogos!$A$2:$A$500, MATCH(B3, Catalogos!$B$2:$B$500, 0)), "") -> 02.01 | D3: DANIEL MONTOYA LOPEZ | E3: 14526
A4: =Inicio!$E$6 -> 2025-09 | B4: 01.02.02.CIMENTACION | C4: =IFERROR(INDEX(Catalogos!$A$2:$A$500, MATCH(B4, Catalogos!$B$2:$B$500, 0)), "") -> 01.02.02 | D4: ALJOMAR | E4: 3500
A5: =Inicio!$E$6 -> 2025-09 | B5: 01.02.31.PRT INCENDI | C5: =IFERROR(INDEX(Catalogos!$A$2:$A$500, MATCH(B5, Catalogos!$B$2:$B$500, 0)), "") -> 01.02.31 | D5: SWISS FIRE | E5: 30250
A6: =Inicio!$E$6 -> 2025-09 | B6: 01.02.07.PAVIMENTOS | C6: =IFERROR(INDEX(Catalogos!$A$2:$A$500, MATCH(B6, Catalogos!$B$2:$B$500, 0)), "") -> 01.02.07 | D6: CONCRETOMUR | E6: 5500
A7: =Inicio!$E$6 -> 2025-09 | B7: 01.02.34.AFCH Y ACS | C7: =IFERROR(INDEX(Catalogos!$A$2:$A$500, MATCH(B7, Catalogos!$B$2:$B$500, 0)), "") -> 01.02.34 | D7: EKER | E7: 0
A8: =Inicio!$E$6 -> 2025-09 | B8: 01.02.07.PAVIMENTOS | C8: =IFERROR(INDEX(Catalogos!$A$2:$A$500, MATCH(B8, Catalogos!$B$2:$B$500, 0)), "") -> 01.02.07 | D8: DUROTEC | E8: 0
A9: =Inicio!$E$6 -> 2025-09 | B9: 01.02.04.CERRAMIENTO | C9: =IFERROR(INDEX(Catalogos!$A$2:$A$500, MATCH(B9, Catalogos!$B$2:$B$500, 0)), "") -> 01.02.04 | D9: PLACAS MURCIA | E9: 55326.21
A10: =Inicio!$E$6 -> 2025-09 | B10: 01.01.10.DEM Y MOV T | C10: =IFERROR(INDEX(Catalogos!$A$2:$A$500, MATCH(B10, Catalogos!$B$2:$B$500, 0)), "") -> 01.01.10 | D10: MOVIVELUM | E10: 32169
A11: =Inicio!$E$6 -> 2025-09 | B11: 01.02.06.ALBAÑ Y TEC | C11: =IFERROR(INDEX(Catalogos!$A$2:$A$500, MATCH(B11, Catalogos!$B$2:$B$500, 0)), "") -> 01.02.06 | D11: INTECOSO | E11: 38037.17
A12: =Inicio!$E$6 -> 2025-09 | B12: 01.02.13.MONTACARGAS | C12: =IFERROR(INDEX(Catalogos!$A$2:$A$500, MATCH(B12, Catalogos!$B$2:$B$500, 0)), "") -> 01.02.13
A13: =Inicio!$E$6 -> 2025-09 | B13: 01.02.36.ELECTRICIDA | C13: =IFERROR(INDEX(Catalogos!$A$2:$A$500, MATCH(B13, Catalogos!$B$2:$B$500, 0)), "") -> 01.02.36 | D13: PIZARRO | E13: 43430.41
A14: =Inicio!$E$6 -> 2025-09 | B14: 01.02.05.CUBIERTA | C14: =IFERROR(INDEX(Catalogos!$A$2:$A$500, MATCH(B14, Catalogos!$B$2:$B$500, 0)), "") -> 01.02.05
A15: =Inicio!$E$6 -> 2025-09 | B15: 01.02.03.ESTRUCTURA | C15: =IFERROR(INDEX(Catalogos!$A$2:$A$500, MATCH(B15, Catalogos!$B$2:$B$500, 0)), "") -> 01.02.03 | D15: CONSTRUCCIONES METALICAS MUÑOZ | E15: 10585.32 | F15: ARMADURA OFICINAS
A16: =Inicio!$E$6 -> 2025-09 | B16: 01.02.06.ALBAÑ Y TEC | C16: =IFERROR(INDEX(Catalogos!$A$2:$A$500, MATCH(B16, Catalogos!$B$2:$B$500, 0)), "") -> 01.02.06 | D16: HIERROS MIGUEL MOLINA | E16: -4383.23 | F16: ACOPIO CORREAS TECHOS
A17: =Inicio!$E$6 -> 2025-09 | B17: 01.01.02.PAVIMENTCN | C17: =IFERROR(INDEX(Catalogos!$A$2:$A$500, MATCH(B17, Catalogos!$B$2:$B$500, 0)), "") -> 01.01.02 | D17: MONTALBAN Y RODRIGUEZ | E17: -1800 | F17: ACOPIO BORDILLOS
A18: =Inicio!$E$6 -> 2025-09 | B18: 01.01.02.PAVIMENTCN | C18: =IFERROR(INDEX(Catalogos!$A$2:$A$500, MATCH(B18, Catalogos!$B$2:$B$500, 0)), "") -> 01.01.02
A19: =Inicio!$E$6 -> 2025-09 | B19: 01.02.07.PAVIMENTOS | C19: =IFERROR(INDEX(Catalogos!$A$2:$A$500, MATCH(B19, Catalogos!$B$2:$B$500, 0)), "") -> 01.02.07 | D19: NORALMERIA | E19: 30562
A20: =Inicio!$E$6 -> 2025-09 | B20: 01.02.37.ACOMT OFIC | C20: =IFERROR(INDEX(Catalogos!$A$2:$A$500, MATCH(B20, Catalogos!$B$2:$B$500, 0)), "") -> 01.02.37
A21: =Inicio!$E$6 -> 2025-09 | B21: 01.02.33.CLIMATIZACI | C21: =IFERROR(INDEX(Catalogos!$A$2:$A$500, MATCH(B21, Catalogos!$B$2:$B$500, 0)), "") -> 01.02.33 | D21: REGENERA | E21: 14472.15
A22: =Inicio!$E$6 -> 2025-09 | B22: 01.02.02.CIMENTACION | C22: =IFERROR(INDEX(Catalogos!$A$2:$A$500, MATCH(B22, Catalogos!$B$2:$B$500, 0)), "") -> 01.02.02 | D22: CIVILIS | E22: 16616.4
A23: =Inicio!$E$6 -> 2025-09 | C23: =IFERROR(INDEX(Catalogos!$A$2:$A$500, MATCH(B23, Catalogos!$B$2:$B$500, 0)), "")
A24: =Inicio!$E$6 -> 2025-09 | C24: =IFERROR(INDEX(Catalogos!$A$2:$A$500, MATCH(B24, Catalogos!$B$2:$B$500, 0)), "")
A25: =Inicio!$E$6 -> 2025-09 | C25: =IFERROR(INDEX(Catalogos!$A$2:$A$500, MATCH(B25, Catalogos!$B$2:$B$500, 0)), "")
A26: =Inicio!$E$6 -> 2025-09 | C26: =IFERROR(INDEX(Catalogos!$A$2:$A$500, MATCH(B26, Catalogos!$B$2:$B$500, 0)), "")
A27: =Inicio!$E$6 -> 2025-09 | C27: =IFERROR(INDEX(Catalogos!$A$2:$A$500, MATCH(B27, Catalogos!$B$2:$B$500, 0)), "")
A28: =Inicio!$E$6 -> 2025-09 | C28: =IFERROR(INDEX(Catalogos!$A$2:$A$500, MATCH(B28, Catalogos!$B$2:$B$500, 0)), "")
A29: =Inicio!$E$6 -> 2025-09 | C29: =IFERROR(INDEX(Catalogos!$A$2:$A$500, MATCH(B29, Catalogos!$B$2:$B$500, 0)), "")
A30: =Inicio!$E$6 -> 2025-09 | C30: =IFERROR(INDEX(Catalogos!$A$2:$A$500, MATCH(B30, Catalogos!$B$2:$B$500, 0)), "")
A31: =Inicio!$E$6 -> 2025-09 | C31: =IFERROR(INDEX(Catalogos!$A$2:$A$500, MATCH(B31, Catalogos!$B$2:$B$500, 0)), "")
A32: =Inicio!$E$6 -> 2025-09 | C32: =IFERROR(INDEX(Catalogos!$A$2:$A$500, MATCH(B32, Catalogos!$B$2:$B$500, 0)), "")
A33: =Inicio!$E$6 -> 2025-09 | C33: =IFERROR(INDEX(Catalogos!$A$2:$A$500, MATCH(B33, Catalogos!$B$2:$B$500, 0)), "")
A34: =Inicio!$E$6 -> 2025-09 | C34: =IFERROR(INDEX(Catalogos!$A$2:$A$500, MATCH(B34, Catalogos!$B$2:$B$500, 0)), "")
... A1000: =Inicio!$E$6 -> 2025-09 | C1000: =IFERROR(INDEX(Catalogos!$A$2:$A$500, MATCH(B1000, Catalogos!$B$2:$B$500, 0)), "")
